,scenario,position,abs_error
984,lco_cont_window_r4_all_H_randomForestN30,1,14.94358865248227
985,lco_cont_window_r4_all_H_randomForestN30,10,18.1296875
986,lco_cont_window_r4_all_H_randomForestN30,100,4.999526493799324
987,lco_cont_window_r4_all_H_randomForestN30,101,9.745957207207207
988,lco_cont_window_r4_all_H_randomForestN30,102,3.081780346820809
989,lco_cont_window_r4_all_H_randomForestN30,103,9.481004514672687
990,lco_cont_window_r4_all_H_randomForestN30,104,2.763626126126126
991,lco_cont_window_r4_all_H_randomForestN30,105,2.2724324324324323
992,lco_cont_window_r4_all_H_randomForestN30,106,0.4123310810810811
993,lco_cont_window_r4_all_H_randomForestN30,107,0.9618181818181818
994,lco_cont_window_r4_all_H_randomForestN30,108,6.013669724770642
995,lco_cont_window_r4_all_H_randomForestN30,109,9.186604774535809
996,lco_cont_window_r4_all_H_randomForestN30,11,9.922561576354681
997,lco_cont_window_r4_all_H_randomForestN30,110,14.502666666666668
998,lco_cont_window_r4_all_H_randomForestN30,111,19.737711171662124
999,lco_cont_window_r4_all_H_randomForestN30,112,20.83369063772049
1000,lco_cont_window_r4_all_H_randomForestN30,113,24.72266323024055
1001,lco_cont_window_r4_all_H_randomForestN30,114,26.381
1002,lco_cont_window_r4_all_H_randomForestN30,115,24.567010309278352
1003,lco_cont_window_r4_all_H_randomForestN30,116,26.259806763285024
1004,lco_cont_window_r4_all_H_randomForestN30,117,29.08605769230769
1005,lco_cont_window_r4_all_H_randomForestN30,118,28.234871794871797
1006,lco_cont_window_r4_all_H_randomForestN30,119,23.736666666666668
1007,lco_cont_window_r4_all_H_randomForestN30,12,21.653288135593222
1008,lco_cont_window_r4_all_H_randomForestN30,120,
1009,lco_cont_window_r4_all_H_randomForestN30,121,
1010,lco_cont_window_r4_all_H_randomForestN30,122,
1011,lco_cont_window_r4_all_H_randomForestN30,123,
1012,lco_cont_window_r4_all_H_randomForestN30,123A,
1013,lco_cont_window_r4_all_H_randomForestN30,123B,
1014,lco_cont_window_r4_all_H_randomForestN30,123C,
1015,lco_cont_window_r4_all_H_randomForestN30,123D,
1016,lco_cont_window_r4_all_H_randomForestN30,124,
1017,lco_cont_window_r4_all_H_randomForestN30,125,
1018,lco_cont_window_r4_all_H_randomForestN30,126,
1019,lco_cont_window_r4_all_H_randomForestN30,127,8.41
1020,lco_cont_window_r4_all_H_randomForestN30,128,31.20176470588235
1021,lco_cont_window_r4_all_H_randomForestN30,129,29.74822784810127
1022,lco_cont_window_r4_all_H_randomForestN30,13,6.982187147688839
1023,lco_cont_window_r4_all_H_randomForestN30,130,24.755935483870967
1024,lco_cont_window_r4_all_H_randomForestN30,131,23.137755102040817
1025,lco_cont_window_r4_all_H_randomForestN30,132,23.45104109589041
1026,lco_cont_window_r4_all_H_randomForestN30,133,18.60646365422397
1027,lco_cont_window_r4_all_H_randomForestN30,134,16.918162650602408
1028,lco_cont_window_r4_all_H_randomForestN30,135,9.391174698795181
1029,lco_cont_window_r4_all_H_randomForestN30,136,5.32932183908046
1030,lco_cont_window_r4_all_H_randomForestN30,137,11.826799544419135
1031,lco_cont_window_r4_all_H_randomForestN30,138,10.257790304396844
1032,lco_cont_window_r4_all_H_randomForestN30,139,9.62968432919955
1033,lco_cont_window_r4_all_H_randomForestN30,14,18.44499436302142
1034,lco_cont_window_r4_all_H_randomForestN30,140,14.763333333333334
1035,lco_cont_window_r4_all_H_randomForestN30,141,11.836912599318955
1036,lco_cont_window_r4_all_H_randomForestN30,142,40.52111111111111
1037,lco_cont_window_r4_all_H_randomForestN30,143,7.091615472127417
1038,lco_cont_window_r4_all_H_randomForestN30,143A,1.4722222222222223
1039,lco_cont_window_r4_all_H_randomForestN30,144,21.006292517006802
1040,lco_cont_window_r4_all_H_randomForestN30,145,1.9967233560090702
1041,lco_cont_window_r4_all_H_randomForestN30,146,12.54505107832009
1042,lco_cont_window_r4_all_H_randomForestN30,147,5.58851598173516
1043,lco_cont_window_r4_all_H_randomForestN30,148,15.557044917257684
1044,lco_cont_window_r4_all_H_randomForestN30,149,16.467861799217726
1045,lco_cont_window_r4_all_H_randomForestN30,15,8.611048478015782
1046,lco_cont_window_r4_all_H_randomForestN30,16,15.959750000000001
1047,lco_cont_window_r4_all_H_randomForestN30,17,12.221915254237288
1048,lco_cont_window_r4_all_H_randomForestN30,18,8.472009080590238
1049,lco_cont_window_r4_all_H_randomForestN30,19,6.368387824126269
1050,lco_cont_window_r4_all_H_randomForestN30,2,15.642494172494173
1051,lco_cont_window_r4_all_H_randomForestN30,20,10.481634723788051
1052,lco_cont_window_r4_all_H_randomForestN30,21,1.7992454954954955
1053,lco_cont_window_r4_all_H_randomForestN30,22,13.15712837837838
1054,lco_cont_window_r4_all_H_randomForestN30,23,1.388445945945946
1055,lco_cont_window_r4_all_H_randomForestN30,24,17.26222347629797
1056,lco_cont_window_r4_all_H_randomForestN30,25,8.169871645274212
1057,lco_cont_window_r4_all_H_randomForestN30,26,18.013190529875985
1058,lco_cont_window_r4_all_H_randomForestN30,27,19.92390243902439
1059,lco_cont_window_r4_all_H_randomForestN30,28,12.969999999999999
1060,lco_cont_window_r4_all_H_randomForestN30,29,16.559168765743074
1061,lco_cont_window_r4_all_H_randomForestN30,3,16.75864464692483
1062,lco_cont_window_r4_all_H_randomForestN30,30,17.164725400457666
1063,lco_cont_window_r4_all_H_randomForestN30,31,7.083710407239819
1064,lco_cont_window_r4_all_H_randomForestN30,32,14.441089223638471
1065,lco_cont_window_r4_all_H_randomForestN30,33,15.727183770883054
1066,lco_cont_window_r4_all_H_randomForestN30,34,31.492857142857144
1067,lco_cont_window_r4_all_H_randomForestN30,35,17.828333333333333
1068,lco_cont_window_r4_all_H_randomForestN30,36,48.93333333333334
1069,lco_cont_window_r4_all_H_randomForestN30,37,18.338333333333335
1070,lco_cont_window_r4_all_H_randomForestN30,38,23.1125
1071,lco_cont_window_r4_all_H_randomForestN30,39,9.190684150513112
1072,lco_cont_window_r4_all_H_randomForestN30,4,5.831685520361991
1073,lco_cont_window_r4_all_H_randomForestN30,40,11.633682119205298
1074,lco_cont_window_r4_all_H_randomForestN30,41,2.0074040632054175
1075,lco_cont_window_r4_all_H_randomForestN30,42,2.9494312796208533
1076,lco_cont_window_r4_all_H_randomForestN30,43,1.0614430665163472
1077,lco_cont_window_r4_all_H_randomForestN30,44,1.475140924464487
1078,lco_cont_window_r4_all_H_randomForestN30,45,3.6680947012401353
1079,lco_cont_window_r4_all_H_randomForestN30,46,4.076745495495496
1080,lco_cont_window_r4_all_H_randomForestN30,47,11.912480270574973
1081,lco_cont_window_r4_all_H_randomForestN30,48,11.081103603603603
1082,lco_cont_window_r4_all_H_randomForestN30,49,10.476857142857142
1083,lco_cont_window_r4_all_H_randomForestN30,5,16.618679458239278
1084,lco_cont_window_r4_all_H_randomForestN30,50,13.349202733485196
1085,lco_cont_window_r4_all_H_randomForestN30,51,15.714
1086,lco_cont_window_r4_all_H_randomForestN30,52,7.725589569160998
1087,lco_cont_window_r4_all_H_randomForestN30,53,9.678824200913242
1088,lco_cont_window_r4_all_H_randomForestN30,54,3.693303269447576
1089,lco_cont_window_r4_all_H_randomForestN30,55,1.7244819819819819
1090,lco_cont_window_r4_all_H_randomForestN30,56,1.3961323155216288
1091,lco_cont_window_r4_all_H_randomForestN30,57,5.960336239103362
1092,lco_cont_window_r4_all_H_randomForestN30,58,2.708097949886105
1093,lco_cont_window_r4_all_H_randomForestN30,59,10.726039035591274
1094,lco_cont_window_r4_all_H_randomForestN30,6,7.525835214446953
1095,lco_cont_window_r4_all_H_randomForestN30,60,10.493802145411204
1096,lco_cont_window_r4_all_H_randomForestN30,61,15.505017006802722
1097,lco_cont_window_r4_all_H_randomForestN30,62,12.78896551724138
1098,lco_cont_window_r4_all_H_randomForestN30,63,11.765
1099,lco_cont_window_r4_all_H_randomForestN30,63A,8.59
1100,lco_cont_window_r4_all_H_randomForestN30,63B,2.785
1101,lco_cont_window_r4_all_H_randomForestN30,64,19.21808510638298
1102,lco_cont_window_r4_all_H_randomForestN30,65,14.99378466557912
1103,lco_cont_window_r4_all_H_randomForestN30,66,15.239141104294479
1104,lco_cont_window_r4_all_H_randomForestN30,67,18.89135135135135
1105,lco_cont_window_r4_all_H_randomForestN30,68,9.994225512528475
1106,lco_cont_window_r4_all_H_randomForestN30,69,13.772161849710983
1107,lco_cont_window_r4_all_H_randomForestN30,7,16.391916572717022
1108,lco_cont_window_r4_all_H_randomForestN30,70,5.399358108108109
1109,lco_cont_window_r4_all_H_randomForestN30,71,6.750394431554525
1110,lco_cont_window_r4_all_H_randomForestN30,72,18.37855172413793
1111,lco_cont_window_r4_all_H_randomForestN30,73,11.466856492027334
1112,lco_cont_window_r4_all_H_randomForestN30,74,4.748051801801802
1113,lco_cont_window_r4_all_H_randomForestN30,75,10.66268018018018
1114,lco_cont_window_r4_all_H_randomForestN30,76,12.670372340425534
1115,lco_cont_window_r4_all_H_randomForestN30,77,6.722981859410431
1116,lco_cont_window_r4_all_H_randomForestN30,78,5.024677236693091
1117,lco_cont_window_r4_all_H_randomForestN30,79,19.070282805429866
1118,lco_cont_window_r4_all_H_randomForestN30,8,
1119,lco_cont_window_r4_all_H_randomForestN30,80,4.742500000000001
1120,lco_cont_window_r4_all_H_randomForestN30,81,17.836903153153152
1121,lco_cont_window_r4_all_H_randomForestN30,82,16.02257336343115
1122,lco_cont_window_r4_all_H_randomForestN30,83,18.90576099210823
1123,lco_cont_window_r4_all_H_randomForestN30,84,11.741027088036116
1124,lco_cont_window_r4_all_H_randomForestN30,85,11.219190421892815
1133,lco_cont_window_r4_all_H_randomForestN30,86,9.143528735632184
1134,lco_cont_window_r4_all_H_randomForestN30,87,17.02860759493671
1135,lco_cont_window_r4_all_H_randomForestN30,88,5.693941441441441
1136,lco_cont_window_r4_all_H_randomForestN30,89,1.5811098398169336
1137,lco_cont_window_r4_all_H_randomForestN30,9,24.470909090909092
1138,lco_cont_window_r4_all_H_randomForestN30,90,7.244797297297297
1139,lco_cont_window_r4_all_H_randomForestN30,91,1.9588513513513515
1140,lco_cont_window_r4_all_H_randomForestN30,92,9.711351351351352
1141,lco_cont_window_r4_all_H_randomForestN30,93,2.7794594594594595
1142,lco_cont_window_r4_all_H_randomForestN30,94,22.54821387940842
1143,lco_cont_window_r4_all_H_randomForestN30,95,21.74798396334479
1144,lco_cont_window_r4_all_H_randomForestN30,96,3.5676801801801803
1145,lco_cont_window_r4_all_H_randomForestN30,97,19.229525959367948
1146,lco_cont_window_r4_all_H_randomForestN30,98,25.16873015873016
1147,lco_cont_window_r4_all_H_randomForestN30,99,13.548377142857143
1640,lco_whole_sequence_all_H_BLknnwholeseqn3,1,23.671574212893553
1641,lco_whole_sequence_all_H_BLknnwholeseqn3,10,20.89725
1642,lco_whole_sequence_all_H_BLknnwholeseqn3,100,4.996944757609921
1643,lco_whole_sequence_all_H_BLknnwholeseqn3,101,9.944166666666666
1644,lco_whole_sequence_all_H_BLknnwholeseqn3,102,2.9125895953757226
1645,lco_whole_sequence_all_H_BLknnwholeseqn3,103,8.853995485327314
1646,lco_whole_sequence_all_H_BLknnwholeseqn3,104,2.3869031531531535
1647,lco_whole_sequence_all_H_BLknnwholeseqn3,105,2.353288288288288
1648,lco_whole_sequence_all_H_BLknnwholeseqn3,106,0.35273648648648653
1649,lco_whole_sequence_all_H_BLknnwholeseqn3,107,0.7339431818181819
1650,lco_whole_sequence_all_H_BLknnwholeseqn3,108,5.563807339449542
1651,lco_whole_sequence_all_H_BLknnwholeseqn3,109,8.602785145888594
1652,lco_whole_sequence_all_H_BLknnwholeseqn3,11,11.187192118226601
1653,lco_whole_sequence_all_H_BLknnwholeseqn3,110,15.974448979591836
1654,lco_whole_sequence_all_H_BLknnwholeseqn3,111,21.114782016348773
1655,lco_whole_sequence_all_H_BLknnwholeseqn3,112,23.18095759233926
1656,lco_whole_sequence_all_H_BLknnwholeseqn3,113,29.063836363636366
1657,lco_whole_sequence_all_H_BLknnwholeseqn3,114,32.283923705722074
1658,lco_whole_sequence_all_H_BLknnwholeseqn3,115,34.9505527638191
1659,lco_whole_sequence_all_H_BLknnwholeseqn3,116,39.93121212121212
1660,lco_whole_sequence_all_H_BLknnwholeseqn3,117,32.94938775510204
1661,lco_whole_sequence_all_H_BLknnwholeseqn3,118,46.97666666666666
1662,lco_whole_sequence_all_H_BLknnwholeseqn3,119,
1663,lco_whole_sequence_all_H_BLknnwholeseqn3,12,22.260983050847457
1664,lco_whole_sequence_all_H_BLknnwholeseqn3,120,
1665,lco_whole_sequence_all_H_BLknnwholeseqn3,121,
1666,lco_whole_sequence_all_H_BLknnwholeseqn3,122,
1667,lco_whole_sequence_all_H_BLknnwholeseqn3,123,
1668,lco_whole_sequence_all_H_BLknnwholeseqn3,123A,
1669,lco_whole_sequence_all_H_BLknnwholeseqn3,123B,
1670,lco_whole_sequence_all_H_BLknnwholeseqn3,123C,
1671,lco_whole_sequence_all_H_BLknnwholeseqn3,123D,
1672,lco_whole_sequence_all_H_BLknnwholeseqn3,124,
1673,lco_whole_sequence_all_H_BLknnwholeseqn3,125,
1674,lco_whole_sequence_all_H_BLknnwholeseqn3,126,
1675,lco_whole_sequence_all_H_BLknnwholeseqn3,127,
1676,lco_whole_sequence_all_H_BLknnwholeseqn3,128,3.469999999999999
1677,lco_whole_sequence_all_H_BLknnwholeseqn3,129,40.82785714285715
1678,lco_whole_sequence_all_H_BLknnwholeseqn3,13,7.044487034949268
1679,lco_whole_sequence_all_H_BLknnwholeseqn3,130,33.382289156626506
1680,lco_whole_sequence_all_H_BLknnwholeseqn3,131,32.55491428571428
1681,lco_whole_sequence_all_H_BLknnwholeseqn3,132,25.749101123595505
1682,lco_whole_sequence_all_H_BLknnwholeseqn3,133,22.01101851851852
1683,lco_whole_sequence_all_H_BLknnwholeseqn3,134,17.648778979907263
1684,lco_whole_sequence_all_H_BLknnwholeseqn3,135,9.859166666666667
1685,lco_whole_sequence_all_H_BLknnwholeseqn3,136,5.488045977011494
1686,lco_whole_sequence_all_H_BLknnwholeseqn3,137,11.882072892938496
1687,lco_whole_sequence_all_H_BLknnwholeseqn3,138,11.33869222096956
1688,lco_whole_sequence_all_H_BLknnwholeseqn3,139,9.364182638105977
1689,lco_whole_sequence_all_H_BLknnwholeseqn3,14,18.30456595264938
1690,lco_whole_sequence_all_H_BLknnwholeseqn3,140,13.644444444444444
1691,lco_whole_sequence_all_H_BLknnwholeseqn3,141,10.8205561861521
1692,lco_whole_sequence_all_H_BLknnwholeseqn3,142,39.23
1693,lco_whole_sequence_all_H_BLknnwholeseqn3,143,3.137929465301479
1694,lco_whole_sequence_all_H_BLknnwholeseqn3,143A,
1695,lco_whole_sequence_all_H_BLknnwholeseqn3,144,22.5812358276644
1696,lco_whole_sequence_all_H_BLknnwholeseqn3,145,1.8657256235827664
1697,lco_whole_sequence_all_H_BLknnwholeseqn3,146,15.833552780930761
1698,lco_whole_sequence_all_H_BLknnwholeseqn3,147,5.135342465753425
1699,lco_whole_sequence_all_H_BLknnwholeseqn3,148,19.41916075650118
1700,lco_whole_sequence_all_H_BLknnwholeseqn3,149,17.43684485006519
1701,lco_whole_sequence_all_H_BLknnwholeseqn3,15,8.335073280721533
1702,lco_whole_sequence_all_H_BLknnwholeseqn3,16,16.534583333333334
1703,lco_whole_sequence_all_H_BLknnwholeseqn3,17,12.367762711864406
1704,lco_whole_sequence_all_H_BLknnwholeseqn3,18,8.861146424517594
1705,lco_whole_sequence_all_H_BLknnwholeseqn3,19,6.132029312288613
1706,lco_whole_sequence_all_H_BLknnwholeseqn3,2,17.3073512252042
1707,lco_whole_sequence_all_H_BLknnwholeseqn3,20,11.040789177001129
1708,lco_whole_sequence_all_H_BLknnwholeseqn3,21,1.7927477477477478
1709,lco_whole_sequence_all_H_BLknnwholeseqn3,22,13.122995495495495
1710,lco_whole_sequence_all_H_BLknnwholeseqn3,23,1.3061936936936938
1711,lco_whole_sequence_all_H_BLknnwholeseqn3,24,17.041264108352145
1712,lco_whole_sequence_all_H_BLknnwholeseqn3,25,8.175110851808634
1713,lco_whole_sequence_all_H_BLknnwholeseqn3,26,18.754430665163472
1714,lco_whole_sequence_all_H_BLknnwholeseqn3,27,14.435609756097561
1715,lco_whole_sequence_all_H_BLknnwholeseqn3,28,
1716,lco_whole_sequence_all_H_BLknnwholeseqn3,29,15.391158690176322
1717,lco_whole_sequence_all_H_BLknnwholeseqn3,3,16.216924829157175
1718,lco_whole_sequence_all_H_BLknnwholeseqn3,30,16.779999999999998
1719,lco_whole_sequence_all_H_BLknnwholeseqn3,31,5.628619909502262
1720,lco_whole_sequence_all_H_BLknnwholeseqn3,32,14.024449594438007
1721,lco_whole_sequence_all_H_BLknnwholeseqn3,33,15.497183770883055
1722,lco_whole_sequence_all_H_BLknnwholeseqn3,34,30.81558823529412
1723,lco_whole_sequence_all_H_BLknnwholeseqn3,35,
1724,lco_whole_sequence_all_H_BLknnwholeseqn3,36,
1725,lco_whole_sequence_all_H_BLknnwholeseqn3,37,
1726,lco_whole_sequence_all_H_BLknnwholeseqn3,38,27.33888888888889
1727,lco_whole_sequence_all_H_BLknnwholeseqn3,39,9.869441277080957
1728,lco_whole_sequence_all_H_BLknnwholeseqn3,4,5.895214932126697
1729,lco_whole_sequence_all_H_BLknnwholeseqn3,40,10.862437086092715
1730,lco_whole_sequence_all_H_BLknnwholeseqn3,41,1.7962189616252822
1731,lco_whole_sequence_all_H_BLknnwholeseqn3,42,2.869940758293839
1732,lco_whole_sequence_all_H_BLknnwholeseqn3,43,0.8107102593010147
1733,lco_whole_sequence_all_H_BLknnwholeseqn3,44,1.3108004509582865
1734,lco_whole_sequence_all_H_BLknnwholeseqn3,45,3.7866290868094703
1735,lco_whole_sequence_all_H_BLknnwholeseqn3,46,4.597623873873874
1736,lco_whole_sequence_all_H_BLknnwholeseqn3,47,12.116099210822998
1737,lco_whole_sequence_all_H_BLknnwholeseqn3,48,12.042545045045046
1738,lco_whole_sequence_all_H_BLknnwholeseqn3,49,11.25095238095238
1739,lco_whole_sequence_all_H_BLknnwholeseqn3,5,17.960925507900676
1740,lco_whole_sequence_all_H_BLknnwholeseqn3,50,13.418542141230068
1741,lco_whole_sequence_all_H_BLknnwholeseqn3,51,17.506
1742,lco_whole_sequence_all_H_BLknnwholeseqn3,52,7.634421768707483
1743,lco_whole_sequence_all_H_BLknnwholeseqn3,53,9.639360730593607
1744,lco_whole_sequence_all_H_BLknnwholeseqn3,54,3.7179706877113867
1745,lco_whole_sequence_all_H_BLknnwholeseqn3,55,1.4785135135135137
1746,lco_whole_sequence_all_H_BLknnwholeseqn3,56,0.7666921119592875
1747,lco_whole_sequence_all_H_BLknnwholeseqn3,57,5.946662515566625
1748,lco_whole_sequence_all_H_BLknnwholeseqn3,58,2.586890660592255
1749,lco_whole_sequence_all_H_BLknnwholeseqn3,59,11.760792192881745
1750,lco_whole_sequence_all_H_BLknnwholeseqn3,6,7.215440180586907
1751,lco_whole_sequence_all_H_BLknnwholeseqn3,60,10.613909415971394
1752,lco_whole_sequence_all_H_BLknnwholeseqn3,61,14.915904436860068
1753,lco_whole_sequence_all_H_BLknnwholeseqn3,62,14.492916666666666
1754,lco_whole_sequence_all_H_BLknnwholeseqn3,63,
1755,lco_whole_sequence_all_H_BLknnwholeseqn3,63A,
1756,lco_whole_sequence_all_H_BLknnwholeseqn3,63B,
1757,lco_whole_sequence_all_H_BLknnwholeseqn3,64,17.02969696969697
1758,lco_whole_sequence_all_H_BLknnwholeseqn3,65,15.221288743882544
1759,lco_whole_sequence_all_H_BLknnwholeseqn3,66,17.623926380368097
1760,lco_whole_sequence_all_H_BLknnwholeseqn3,67,19.940270270270272
1761,lco_whole_sequence_all_H_BLknnwholeseqn3,68,10.62490888382688
1762,lco_whole_sequence_all_H_BLknnwholeseqn3,69,14.241364161849711
1763,lco_whole_sequence_all_H_BLknnwholeseqn3,7,16.079751972942503
1764,lco_whole_sequence_all_H_BLknnwholeseqn3,70,5.590754504504504
1765,lco_whole_sequence_all_H_BLknnwholeseqn3,71,7.1002088167053365
1766,lco_whole_sequence_all_H_BLknnwholeseqn3,72,18.536620689655173
1767,lco_whole_sequence_all_H_BLknnwholeseqn3,73,12.237437357630979
1768,lco_whole_sequence_all_H_BLknnwholeseqn3,74,4.557195945945946
1769,lco_whole_sequence_all_H_BLknnwholeseqn3,75,11.210608108108108
1770,lco_whole_sequence_all_H_BLknnwholeseqn3,76,10.813191489361703
1771,lco_whole_sequence_all_H_BLknnwholeseqn3,77,6.802131519274376
1772,lco_whole_sequence_all_H_BLknnwholeseqn3,78,4.789932049830125
1773,lco_whole_sequence_all_H_BLknnwholeseqn3,79,18.354242081447964
1774,lco_whole_sequence_all_H_BLknnwholeseqn3,8,
1775,lco_whole_sequence_all_H_BLknnwholeseqn3,80,4.169425675675676
1776,lco_whole_sequence_all_H_BLknnwholeseqn3,81,18.302027027027027
1777,lco_whole_sequence_all_H_BLknnwholeseqn3,82,15.764221218961625
1778,lco_whole_sequence_all_H_BLknnwholeseqn3,83,19.132559188275085
1779,lco_whole_sequence_all_H_BLknnwholeseqn3,84,11.658081264108352
1780,lco_whole_sequence_all_H_BLknnwholeseqn3,85,11.279257990867581
1789,lco_whole_sequence_all_H_BLknnwholeseqn3,86,9.049573732718894
1790,lco_whole_sequence_all_H_BLknnwholeseqn3,87,17.736036866359445
1791,lco_whole_sequence_all_H_BLknnwholeseqn3,88,6.038626126126126
1792,lco_whole_sequence_all_H_BLknnwholeseqn3,89,1.4207894736842106
1793,lco_whole_sequence_all_H_BLknnwholeseqn3,9,22.15909090909091
1794,lco_whole_sequence_all_H_BLknnwholeseqn3,90,7.2262162162162165
1795,lco_whole_sequence_all_H_BLknnwholeseqn3,91,1.59615990990991
1796,lco_whole_sequence_all_H_BLknnwholeseqn3,92,9.159222972972973
1797,lco_whole_sequence_all_H_BLknnwholeseqn3,93,2.6069594594594596
1798,lco_whole_sequence_all_H_BLknnwholeseqn3,94,23.093742889647327
1799,lco_whole_sequence_all_H_BLknnwholeseqn3,95,21.579873997709047
1800,lco_whole_sequence_all_H_BLknnwholeseqn3,96,2.9762725225225224
1801,lco_whole_sequence_all_H_BLknnwholeseqn3,97,18.71971783295711
1802,lco_whole_sequence_all_H_BLknnwholeseqn3,98,25.038832199546484
1803,lco_whole_sequence_all_H_BLknnwholeseqn3,99,13.255062857142857
2296,whole_sequence_all_H_IB,1,17.977982954545453
2297,whole_sequence_all_H_IB,10,16.802526315789475
2298,whole_sequence_all_H_IB,100,5.177904328018223
2299,whole_sequence_all_H_IB,101,7.152104664391354
2300,whole_sequence_all_H_IB,102,1.1331775700934579
2301,whole_sequence_all_H_IB,103,5.492474344355758
2302,whole_sequence_all_H_IB,104,1.0012514220705346
2303,whole_sequence_all_H_IB,105,2.418430034129693
2304,whole_sequence_all_H_IB,106,0.32878270762229805
2305,whole_sequence_all_H_IB,107,0.595287356321839
2306,whole_sequence_all_H_IB,108,4.061645422943221
2307,whole_sequence_all_H_IB,109,6.6448322147651
2308,whole_sequence_all_H_IB,11,10.013
2309,whole_sequence_all_H_IB,110,13.778008298755188
2310,whole_sequence_all_H_IB,111,19.99668049792531
2311,whole_sequence_all_H_IB,112,18.92187070151307
2312,whole_sequence_all_H_IB,113,26.649125874125875
2313,whole_sequence_all_H_IB,114,26.844083526682134
2314,whole_sequence_all_H_IB,115,22.917421602787456
2315,whole_sequence_all_H_IB,116,23.892647058823528
2316,whole_sequence_all_H_IB,117,30.147474747474746
2317,whole_sequence_all_H_IB,118,24.267567567567568
2318,whole_sequence_all_H_IB,119,26.283333333333335
2319,whole_sequence_all_H_IB,12,31.48928164196123
2320,whole_sequence_all_H_IB,120,
2321,whole_sequence_all_H_IB,121,
2322,whole_sequence_all_H_IB,122,
2323,whole_sequence_all_H_IB,123,
2324,whole_sequence_all_H_IB,123A,
2325,whole_sequence_all_H_IB,123B,
2326,whole_sequence_all_H_IB,123C,
2327,whole_sequence_all_H_IB,123D,
2328,whole_sequence_all_H_IB,124,
2329,whole_sequence_all_H_IB,125,
2330,whole_sequence_all_H_IB,126,
2331,whole_sequence_all_H_IB,127,29.299999999999997
2332,whole_sequence_all_H_IB,128,23.794117647058822
2333,whole_sequence_all_H_IB,129,21.883116883116884
2334,whole_sequence_all_H_IB,13,7.169897377423033
2335,whole_sequence_all_H_IB,130,21.592105263157894
2336,whole_sequence_all_H_IB,131,24.897925311203316
2337,whole_sequence_all_H_IB,132,23.689606741573034
2338,whole_sequence_all_H_IB,133,18.02191235059761
2339,whole_sequence_all_H_IB,134,14.897247706422018
2340,whole_sequence_all_H_IB,135,7.085801526717557
2341,whole_sequence_all_H_IB,136,3.6448717948717952
2342,whole_sequence_all_H_IB,137,8.807142857142857
2343,whole_sequence_all_H_IB,138,8.220615034168565
2344,whole_sequence_all_H_IB,139,1.9033029612756263
2345,whole_sequence_all_H_IB,14,11.470728929384965
2346,whole_sequence_all_H_IB,140,0.05
2347,whole_sequence_all_H_IB,141,11.256192660550457
2348,whole_sequence_all_H_IB,142,25.7
2349,whole_sequence_all_H_IB,143,2.9312284730195177
2350,whole_sequence_all_H_IB,143A,
2351,whole_sequence_all_H_IB,144,15.85017182130584
2352,whole_sequence_all_H_IB,145,1.160824742268041
2353,whole_sequence_all_H_IB,146,22.699885321100915
2354,whole_sequence_all_H_IB,147,1.5699308755760368
2355,whole_sequence_all_H_IB,148,28.956495828367103
2356,whole_sequence_all_H_IB,149,17.31302631578947
2357,whole_sequence_all_H_IB,15,7.375740318906606
2358,whole_sequence_all_H_IB,16,7.350877192982456
2359,whole_sequence_all_H_IB,17,7.480789022298457
2360,whole_sequence_all_H_IB,18,8.669644902634595
2361,whole_sequence_all_H_IB,19,4.352164009111617
2362,whole_sequence_all_H_IB,2,10.151468860164512
2363,whole_sequence_all_H_IB,20,10.657175398633257
2364,whole_sequence_all_H_IB,21,1.9996587030716724
2365,whole_sequence_all_H_IB,22,8.149943117178612
2366,whole_sequence_all_H_IB,23,1.258589306029579
2367,whole_sequence_all_H_IB,24,8.535730593607306
2368,whole_sequence_all_H_IB,25,2.7322352941176473
2369,whole_sequence_all_H_IB,26,10.941116173120728
2370,whole_sequence_all_H_IB,27,17.49411764705882
2371,whole_sequence_all_H_IB,28,8.933333333333335
2372,whole_sequence_all_H_IB,29,6.170678617157491
2373,whole_sequence_all_H_IB,3,11.685632183908046
2374,whole_sequence_all_H_IB,30,11.117687861271676
2375,whole_sequence_all_H_IB,31,4.3422196796338675
2376,whole_sequence_all_H_IB,32,11.17511737089202
2377,whole_sequence_all_H_IB,33,12.366140776699028
2378,whole_sequence_all_H_IB,34,21.44390243902439
2379,whole_sequence_all_H_IB,35,25.916666666666668
2380,whole_sequence_all_H_IB,36,26.23333333333333
2381,whole_sequence_all_H_IB,37,30.75
2382,whole_sequence_all_H_IB,38,20.69206349206349
2383,whole_sequence_all_H_IB,39,8.62188940092166
2384,whole_sequence_all_H_IB,4,1.4006849315068493
2385,whole_sequence_all_H_IB,40,11.06496644295302
2386,whole_sequence_all_H_IB,41,1.7028506271379704
2387,whole_sequence_all_H_IB,42,2.534292565947242
2388,whole_sequence_all_H_IB,43,0.33006833712984057
2389,whole_sequence_all_H_IB,44,0.5476082004555809
2390,whole_sequence_all_H_IB,45,4.132915717539863
2391,whole_sequence_all_H_IB,46,3.6829351535836174
2392,whole_sequence_all_H_IB,47,10.641913439635536
2393,whole_sequence_all_H_IB,48,8.418885096700796
2394,whole_sequence_all_H_IB,49,14.365882352941176
2395,whole_sequence_all_H_IB,5,10.635421412300683
2396,whole_sequence_all_H_IB,50,10.941954022988506
2397,whole_sequence_all_H_IB,51,11.759803921568627
2398,whole_sequence_all_H_IB,52,1.7767734553775745
2399,whole_sequence_all_H_IB,53,10.278200692041523
2400,whole_sequence_all_H_IB,54,2.0746013667425967
2401,whole_sequence_all_H_IB,55,1.3507394766780432
2402,whole_sequence_all_H_IB,56,0.388235294117647
2403,whole_sequence_all_H_IB,57,5.46078184110971
2404,whole_sequence_all_H_IB,58,1.9456846950517837
2405,whole_sequence_all_H_IB,59,9.641183294663573
2406,whole_sequence_all_H_IB,6,1.6317767653758544
2407,whole_sequence_all_H_IB,60,6.516969696969697
2408,whole_sequence_all_H_IB,61,13.648709122203098
2409,whole_sequence_all_H_IB,62,21.775862068965516
2410,whole_sequence_all_H_IB,63,56.2
2411,whole_sequence_all_H_IB,63A,61.15
2412,whole_sequence_all_H_IB,63B,
2413,whole_sequence_all_H_IB,64,18.75531914893617
2414,whole_sequence_all_H_IB,65,12.17313432835821
2415,whole_sequence_all_H_IB,66,12.942539682539683
2416,whole_sequence_all_H_IB,67,12.43495024875622
2417,whole_sequence_all_H_IB,68,6.614154200230149
2418,whole_sequence_all_H_IB,69,12.153450292397661
2419,whole_sequence_all_H_IB,7,7.998748577929465
2420,whole_sequence_all_H_IB,70,4.811490329920364
2421,whole_sequence_all_H_IB,71,6.409378663540445
2422,whole_sequence_all_H_IB,72,16.202206736353077
2423,whole_sequence_all_H_IB,73,12.419677790563867
2424,whole_sequence_all_H_IB,74,4.532423208191126
2425,whole_sequence_all_H_IB,75,12.797383390216154
2426,whole_sequence_all_H_IB,76,13.701136363636362
2427,whole_sequence_all_H_IB,77,7.884439359267734
2428,whole_sequence_all_H_IB,78,1.7719679633867278
2429,whole_sequence_all_H_IB,79,6.878285714285714
2430,whole_sequence_all_H_IB,8,
2431,whole_sequence_all_H_IB,80,0.9797497155858931
2432,whole_sequence_all_H_IB,81,9.265415244596133
2433,whole_sequence_all_H_IB,82,4.865906499429874
2434,whole_sequence_all_H_IB,83,12.617995444191344
2435,whole_sequence_all_H_IB,84,11.57981755986317
2436,whole_sequence_all_H_IB,85,9.801380897583428
2445,whole_sequence_all_H_IB,86,8.06740139211137
2446,whole_sequence_all_H_IB,87,8.001277584204415
2447,whole_sequence_all_H_IB,88,5.448009101251422
2448,whole_sequence_all_H_IB,89,1.6184971098265897
2449,whole_sequence_all_H_IB,9,21.216666666666665
2450,whole_sequence_all_H_IB,90,6.381114903299204
2451,whole_sequence_all_H_IB,91,0.7316268486916951
2452,whole_sequence_all_H_IB,92,7.846075085324232
2453,whole_sequence_all_H_IB,93,1.656882821387941
2454,whole_sequence_all_H_IB,94,11.06337543053961
2455,whole_sequence_all_H_IB,95,9.412152777777779
2456,whole_sequence_all_H_IB,96,2.0680318543799774
2457,whole_sequence_all_H_IB,97,10.297833523375143
2458,whole_sequence_all_H_IB,98,11.94914089347079
2459,whole_sequence_all_H_IB,99,14.04434180138568
